model,season,crps,crps_relative,mean_pinball_loss,interval_width,relative_interval_width,n
gpt-4o-demo,annual,6.18170352437977,0.11516733410744719,2.70799971805433,27.0,0.5056445886880253,6
gpt-4o-demo,dry_season,2.3924239154326643,0.44370046195428575,1.065368432860173,10.0,1.8225788782495014,6
gpt-4o-demo,wet_season,4.648784565076531,0.14492547798951863,2.0764769027269026,19.666666666666668,0.6188169500626706,6
gpt-4o-mini-demo,annual,6.382488543797872,0.11883664401331236,2.9336925280311204,15.9,0.29614657513980774,6
gpt-4o-mini-demo,dry_season,2.973054527264825,0.5551946786769225,1.447175823951705,2.1,0.3888671415701524,6
gpt-4o-mini-demo,wet_season,5.0386265713274225,0.15700329387293857,2.3649781237281235,9.3,0.2889639695494713,6
