model,prompt_variant,crps,crps_relative,mean_pinball_loss,interval_width,relative_interval_width,n
claude-fable-5,natural,4.3831238839799225,0.230736950864113,1.910010322344625,18.666666666666668,0.9134180673332251,9
claude-fable-5,statistical,4.34162108932,0.22844598914605477,1.9070272236232577,18.322222222222223,0.9239873102188536,9
claude-haiku-4-5,natural,5.790680388838597,0.317841702671486,2.5843948612018752,19.055555555555557,0.8070398934674051,9
claude-haiku-4-5,statistical,4.881163741365363,0.2787945258015607,2.1918316283559696,17.333333333333332,0.7642161784379137,9
claude-opus-4-8,natural,4.6761739158962286,0.2709036406034255,2.069680939888739,17.444444444444443,0.8923437273032874,9
claude-opus-4-8,statistical,4.5299126809621075,0.2491481793573459,2.0009405504519235,19.055555555555557,1.0066579825152553,9
claude-sonnet-4-6,natural,4.737709518356158,0.2731453277585366,2.058112028451104,20.5,1.0746493035479872,9
claude-sonnet-4-6,statistical,4.560384625726728,0.2339351657797027,1.9790619496956283,20.944444444444443,0.9969495326969192,9
