model,season,crps,crps_relative,mean_pinball_loss,interval_width,relative_interval_width,n
gpt-4o,annual,6.303532007597312,0.11758265923477455,2.738183370926089,28.333333333333332,0.5289300255011306,6
gpt-4o,dry_season,2.4439773375040144,0.45575398265141964,1.1103946402349487,6.5,1.2055929874367344,6
gpt-4o,wet_season,7.854521677043798,0.2473644198466131,3.4369326159951155,30.0,0.9373825033074784,6
gpt-4o-mini,annual,6.365089933575308,0.11865990728067023,2.762290062845281,31.666666666666668,0.5892593593322021,6
gpt-4o-mini,dry_season,2.759983464754365,0.5163601131996213,1.2619150758688205,6.75,1.260949695365001,6
gpt-4o-mini,wet_season,5.609369032162566,0.17323259798365043,2.479771571021571,28.333333333333332,0.8797821346651191,6
